,target_rate_predictions
0,99.74765
1,99.74765
2,99.74765
3,99.74765
4,99.74765
5,99.74765
6,99.74765
7,99.74765
8,99.74765
9,99.74765
10,99.74765
11,99.74765
12,99.74765
13,99.74765
14,99.74765
15,99.74765
16,99.74765
17,99.74765
18,99.74765
19,99.74765
20,99.74765
21,99.74765
22,99.74765
23,99.74765
24,99.74765
25,99.74765
26,99.74765
27,99.74765
28,99.74765
29,99.74765
30,99.74765
31,99.74765
32,99.74765
33,99.74765
34,99.74765
35,99.74765
36,99.74765
37,99.74765
38,99.74765
39,99.74765
40,99.74765
41,99.74765
42,99.74765
43,99.74765
44,99.74765
45,99.74765
46,99.74765
47,99.74765
48,99.74765
49,99.74765
50,99.74765
51,99.74765
52,99.74765
53,99.74765
54,99.74765
55,99.74765
56,99.74765
57,99.74765
58,99.74765
59,99.74765
60,99.74765
61,99.74765
62,99.74765
63,99.74765
64,99.74765
65,99.74765
66,99.74765
67,99.74765
68,99.74765
69,99.74765
70,99.74765
71,99.74765
72,99.74765
73,99.74765
74,99.74765
75,99.74765
76,99.74765
77,99.74765
78,99.74765
79,99.74765
80,99.74765
81,99.74765
82,99.74765
83,99.74765
84,99.74765
85,99.74765
86,99.74765
87,99.74765
88,99.74765
89,99.74765
90,99.74765
91,99.74765
92,99.74765
93,99.74765
94,99.74765
95,99.74765
96,99.74765
97,99.74765
98,99.74765
99,99.74765
100,99.74765
101,99.74765
102,99.74765
103,99.74765
104,99.74765
105,99.74765
106,99.74765
107,99.74765
108,99.74765
109,99.74765
110,99.74765
111,99.74765
112,99.74765
113,99.74765
114,99.74765
115,99.74765
116,99.74765
117,99.74765
118,99.74765
119,99.74765
120,99.74765
121,99.74765
122,99.74765
123,99.74765
124,99.74765
125,99.74765
126,99.74765
127,99.74765
128,99.74765
129,99.74765
130,99.74765
131,99.74765
132,99.74765
133,99.74765
134,99.74765
135,99.74765
136,99.74765
137,99.74765
138,99.74765
139,99.74765
140,99.74765
141,99.74765
142,99.74765
143,99.74765
144,99.74765
145,99.74765
146,99.74765
147,99.74765
148,99.74765
149,99.74765
150,99.74765
151,99.74765
152,99.74765
153,99.74765
154,99.74765
155,99.74765
156,99.74765
157,99.74765
158,99.74765
159,99.74765
160,99.74765
161,99.74765
162,99.74765
163,99.74765
164,99.74765
165,99.74765
166,99.74765
167,99.74765
168,99.74765
169,99.74765
170,99.74765
171,99.74765
172,99.74765
173,99.74765
174,99.74765
175,99.74765
176,99.74765
177,99.74765
178,99.74765
179,99.74765
180,99.74765
181,99.74765
182,99.74765
183,99.74765
184,99.74765
185,99.74765
186,99.74765
187,99.74765
188,99.74765
189,99.74765
190,99.74765
191,99.74765
192,99.74765
193,99.74765
194,99.74765
195,99.74765
196,99.74765
197,99.74765
198,99.74765
199,99.74765
200,99.74765
201,99.74765
202,99.74765
203,99.74765
204,99.74765
205,99.74765
206,99.74765
207,99.74765
208,99.74765
209,99.74765
210,99.74765
211,99.74765
212,99.74765
213,99.74765
214,99.74765
215,99.74765
216,99.74765
217,99.74765
218,99.74765
219,99.74765
220,99.74765
221,99.74765
222,99.74765
223,99.74765
224,99.74765
225,99.74765
226,99.74765
227,99.74765
228,99.74765
229,99.74765
230,99.74765
231,99.74765
232,99.74765
233,99.74765
234,99.74765
235,99.74765
236,99.74765
237,99.74765
238,99.74765
239,99.74765
240,99.74765
241,99.74765
242,99.74765
243,99.74765
244,99.74765
245,99.74765
246,99.74765
247,99.74765
248,99.74765
249,99.74765
250,99.74765
251,99.74765
252,99.74765
253,99.74765
254,99.74765
255,99.74765
256,99.74765
257,99.74765
258,99.74765
259,99.74765
260,99.74765
261,99.74765
262,99.74765
263,99.74765
264,99.74765
265,99.74765
266,99.74765
267,99.74765
268,99.74765
269,99.74765
270,99.74765
271,99.74765
272,99.74765
273,99.74765
274,99.74765
275,99.74765
276,99.74765
277,99.74765
278,99.74765
279,99.74765
280,99.74765
281,99.74765
282,99.74765
283,99.74765
284,99.74765
285,99.74765
286,99.74765
287,99.74765
288,99.74765
289,99.74765
290,99.74765
291,99.74765
292,99.74765
293,99.74765
294,99.74765
295,99.74765
296,99.74765
297,99.74765
298,99.74765
299,99.74765
300,99.74765
301,99.74765
302,99.74765
303,99.74765
304,99.74765
305,99.74765
306,99.74765
307,99.74765
308,99.74765
309,99.74765
310,99.74765
311,99.74765
312,99.74765
313,99.74765
314,99.74765
315,99.74765
316,99.74765
317,99.74765
318,99.74765
319,99.74765
320,99.74765
321,99.74765
322,99.74765
323,99.74765
324,99.74765
325,99.74765
326,99.74765
327,99.74765
328,99.74765
329,99.74765
330,99.74765
331,99.74765
332,99.74765
333,99.74765
334,99.74765
335,99.74765
336,99.74765
337,99.74765
338,99.74765
339,99.74765
340,99.74765
341,99.74765
342,99.74765
343,99.74765
344,99.74765
345,99.74765
346,99.74765
347,99.74765
348,99.74765
349,99.74765
350,99.74765
351,99.74765
352,99.74765
353,99.74765
354,99.74765
355,99.74765
356,99.74765
357,99.74765
358,99.74765
359,99.74765
360,99.74765
361,99.74765
362,99.74765
363,99.74765
364,99.74765
365,99.74765
366,99.74765
367,99.74765
368,99.74765
369,99.74765
370,99.74765
371,99.74765
372,99.74765
373,99.74765
374,99.74765
375,99.74765
376,99.74765
377,99.74765
378,99.74765
379,99.74765
380,99.74765
381,99.74765
382,99.74765
383,99.74765
384,99.74765
385,99.74765
386,99.74765
387,99.74765
388,99.74765
389,99.74765
390,99.74765
391,99.74765
392,99.74765
393,99.74765
394,99.74765
395,99.74765
396,99.74765
397,99.74765
398,99.74765
399,99.74765
400,99.74765
401,99.74765
402,99.74765
403,99.74765
404,99.74765
405,99.74765
406,99.74765
407,99.74765
408,99.74765
409,99.74765
410,99.74765
411,99.74765
412,99.74765
413,99.74765
414,99.74765
415,99.74765
416,99.74765
417,99.74765
418,99.74765
419,99.74765
420,99.74765
421,99.74765
422,99.74765
423,99.74765
424,99.74765
425,99.74765
426,99.74765
427,99.74765
428,99.74765
429,99.74765
430,99.74765
431,99.74765
432,99.74765
433,99.74765
434,99.74765
435,99.74765
436,99.74765
437,99.74765
438,99.74765
439,99.74765
440,99.74765
441,99.74765
442,99.74765
443,99.74765
444,99.74765
445,99.74765
446,99.74765
447,99.74765
448,99.74765
449,99.74765
450,99.74765
451,99.74765
452,99.74765
453,99.74765
454,99.74765
455,99.74765
456,99.74765
457,99.74765
458,99.74765
459,99.74765
460,99.74765
461,99.74765
462,99.74765
463,99.74765
464,99.74765
465,99.74765
466,99.74765
467,99.74765
468,99.74765
469,99.74765
470,99.74765
471,99.74765
472,99.74765
473,99.74765
474,99.74765
475,99.74765
476,99.74765
477,99.74765
478,99.74765
479,99.74765
480,99.74765
481,99.74765
482,99.74765
483,99.74765
484,99.74765
485,99.74765
486,99.74765
487,99.74765
488,99.74765
489,99.74765
490,99.74765
491,99.74765
492,99.74765
493,99.74765
494,99.74765
495,99.74765
496,99.74765
497,99.74765
498,99.74765
499,99.74765
500,99.74765
501,99.74765
502,99.74765
503,99.74765
504,99.74765
505,99.74765
506,99.74765
507,99.74765
508,99.74765
509,99.74765
510,99.74765
511,99.74765
512,99.74765
513,99.74765
514,99.74765
515,99.74765
516,99.74765
517,99.74765
518,99.74765
519,99.74765
520,99.74765
